Folder Path,File Name,File Content
/Users/ranmeng/Desktop/gtex-imaging-paper/gwas-fuma/ImageQTL-FUMA-result/lung-circularity,eqtl.txt,"uniqID	db	tissue	gene	testedAllele	p	signed_stats	FDR	RiskIncAllele	alignedDirection
"
/Users/ranmeng/Desktop/gtex-imaging-paper/gwas-fuma/ImageQTL-FUMA-result/tibial-nerve-eccentricity,eqtl.txt,"uniqID	db	tissue	gene	testedAllele	p	signed_stats	FDR	RiskIncAllele	alignedDirection
"
/Users/ranmeng/Desktop/gtex-imaging-paper/gwas-fuma/ImageQTL-FUMA-result/skin-not-sun-exposed-circularity,eqtl.txt,"uniqID	db	tissue	gene	testedAllele	p	signed_stats	FDR	RiskIncAllele	alignedDirection
"
/Users/ranmeng/Desktop/gtex-imaging-paper/gwas-fuma/ImageQTL-FUMA-result/heart-left-ventricle-eccentricity,eqtl.txt,"uniqID	db	tissue	gene	testedAllele	p	signed_stats	FDR	RiskIncAllele	alignedDirection
"
/Users/ranmeng/Desktop/gtex-imaging-paper/gwas-fuma/ImageQTL-FUMA-result/skin-sun-exposed-circularity,eqtl.txt,"uniqID	db	tissue	gene	testedAllele	p	signed_stats	FDR	RiskIncAllele	alignedDirection	chr	pos	symbol
"
/Users/ranmeng/Desktop/gtex-imaging-paper/gwas-fuma/ImageQTL-FUMA-result/muscle-ratio,eqtl.txt,"uniqID	db	tissue	gene	testedAllele	p	signed_stats	FDR	RiskIncAllele	alignedDirection
"
/Users/ranmeng/Desktop/gtex-imaging-paper/gwas-fuma/ImageQTL-FUMA-result/thyroid-ratio,eqtl.txt,"uniqID	db	tissue	gene	testedAllele	p	signed_stats	FDR	RiskIncAllele	alignedDirection	chr	pos	symbol	eqtlMapFilt
11:47761863:A:C	GTEx/v8	Thyroid	ENSG00000066336	C	0.000861611	0.452995	0.0214611	NA	NA	11	47761863	SPI1	1
"
/Users/ranmeng/Desktop/gtex-imaging-paper/gwas-fuma/ImageQTL-FUMA-result/skin-not-sun-exposed-nucleus-cell-area-ratio,eqtl.txt,"uniqID	db	tissue	gene	testedAllele	p	signed_stats	FDR	RiskIncAllele	alignedDirection	chr	pos	symbol	eqtlMapFilt
11:4329853:A:G	GTEx/v8	Skin_Not_Sun_Exposed_Suprapubic	ENSG00000167333	A	0.000128909	-0.61796	0.0161363	NA	NA	11	4329853	TRIM68	1
12:123433649:C:T	GTEx/v8	Skin_Not_Sun_Exposed_Suprapubic	ENSG00000130787	T	0.000294059	0.186603	4.1054e-11	NA	NA	12	123433649	HIP1R	1
12:123438347:A:G	GTEx/v8	Skin_Not_Sun_Exposed_Suprapubic	ENSG00000130787	A	0.000294059	0.186603	4.1054e-11	NA	NA	12	123438347	HIP1R	1
12:123441675:A:G	GTEx/v8	Skin_Not_Sun_Exposed_Suprapubic	ENSG00000130787	A	0.000294059	0.186603	4.1054e-11	NA	NA	12	123441675	HIP1R	1
12:123442472:C:T	GTEx/v8	Skin_Not_Sun_Exposed_Suprapubic	ENSG00000130787	T	0.000294059	0.186603	4.1054e-11	NA	NA	12	123442472	HIP1R	1
12:123642740:C:T	GTEx/v8	Skin_Not_Sun_Exposed_Suprapubic	ENSG00000130787	C	0.000246342	0.262551	4.1054e-11	NA	NA	12	123642740	HIP1R	1
21:44192205:T:TC	GTEx/v8	Skin_Not_Sun_Exposed_Suprapubic	ENSG00000160199	TC	0.000116106	-0.487304	0.00116861	NA	NA	21	44192205	PKNOX1	1
"
/Users/ranmeng/Desktop/gtex-imaging-paper/gwas-fuma/ImageQTL-FUMA-result/tibial-nerve-nucleus-area,eqtl.txt,"uniqID	db	tissue	gene	testedAllele	p	signed_stats	FDR	RiskIncAllele	alignedDirection	chr	pos	symbol	eqtlMapFilt
10:23044276:C:T	GTEx/v8	Nerve_Tibial	ENSG00000150867	T	7.34102e-06	0.570511	4.00861e-12	NA	NA	10	23044276	PIP4K2A	1
"
/Users/ranmeng/Desktop/gtex-imaging-paper/gwas-fuma/ImageQTL-FUMA-result/heart-left-ventricle-circularity,eqtl.txt,"uniqID	db	tissue	gene	testedAllele	p	signed_stats	FDR	RiskIncAllele	alignedDirection
"
/Users/ranmeng/Desktop/gtex-imaging-paper/gwas-fuma/ImageQTL-FUMA-result/esophagus-muscularis-circularity,eqtl.txt,"uniqID	db	tissue	gene	testedAllele	p	signed_stats	FDR	RiskIncAllele	alignedDirection	chr	pos	symbol
"
/Users/ranmeng/Desktop/gtex-imaging-paper/gwas-fuma/ImageQTL-FUMA-result/muscle-circularity,eqtl.txt,"uniqID	db	tissue	gene	testedAllele	p	signed_stats	FDR	RiskIncAllele	alignedDirection
"
/Users/ranmeng/Desktop/gtex-imaging-paper/gwas-fuma/ImageQTL-FUMA-result/skin-sun-exposed-ratio,eqtl.txt,"uniqID	db	tissue	gene	testedAllele	p	signed_stats	FDR	RiskIncAllele	alignedDirection
"
/Users/ranmeng/Desktop/gtex-imaging-paper/gwas-fuma/ImageQTL-FUMA-result/heart-atrial-appendages-eccentricity,eqtl.txt,"uniqID	db	tissue	gene	testedAllele	p	signed_stats	FDR	RiskIncAllele	alignedDirection	chr	pos	symbol	eqtlMapFilt
8:144390594:C:T	GTEx/v8	Heart_Atrial_Appendage	ENSG00000147813	T	1.69886e-05	-0.547427	3.26193e-35	NA	NA	8	144390594	NAPRT1	1
8:144390594:C:T	GTEx/v8	Heart_Atrial_Appendage	ENSG00000204839	T	2.28373e-06	0.565084	2.27873e-14	NA	NA	8	144390594	MROH6	1
8:144444299:A:G	GTEx/v8	Heart_Atrial_Appendage	ENSG00000147813	A	3.04689e-06	0.634599	3.26193e-35	NA	NA	8	144444299	NAPRT1	1
8:144444299:A:G	GTEx/v8	Heart_Atrial_Appendage	ENSG00000183309	A	4.47635e-05	-0.361017	3.26311e-09	NA	NA	8	144444299	ZNF623	1
8:144444299:A:G	GTEx/v8	Heart_Atrial_Appendage	ENSG00000204839	A	4.13493e-05	-0.527399	2.27873e-14	NA	NA	8	144444299	MROH6	1
8:144468698:A:G	GTEx/v8	Heart_Atrial_Appendage	ENSG00000147813	A	5.58615e-06	-0.613329	3.26193e-35	NA	NA	8	144468698	NAPRT1	1
8:144468698:A:G	GTEx/v8	Heart_Atrial_Appendage	ENSG00000204839	A	3.36817e-05	0.529242	2.27873e-14	NA	NA	8	144468698	MROH6	1
8:144505036:A:G	GTEx/v8	Heart_Atrial_Appendage	ENSG00000147813	A	1.32178e-09	-0.990455	3.26193e-35	NA	NA	8	144505036	NAPRT1	1
8:144505036:A:G	GTEx/v8	Heart_Atrial_Appendage	ENSG00000204839	A	2.49373e-06	0.733322	2.27873e-14	NA	NA	8	144505036	MROH6	1
8:144512603:C:T	GTEx/v8	Heart_Atrial_Appendage	ENSG00000147813	T	1.04967e-06	-0.979354	3.26193e-35	NA	NA	8	144512603	NAPRT1	1
8:144512603:C:T	GTEx/v8	Heart_Atrial_Appendage	ENSG00000204839	T	2.13342e-05	0.807275	2.27873e-14	NA	NA	8	144512603	MROH6	1
8:144560433:A:G	GTEx/v8	Heart_Atrial_Appendage	ENSG00000147813	A	5.88117e-05	-0.882856	3.26193e-35	NA	NA	8	144560433	NAPRT1	1
8:144629422:A:T	GTEx/v8	Heart_Atrial_Appendage	ENSG00000147813	T	1.13221e-12	-1.02797	3.26193e-35	NA	NA	8	144629422	NAPRT1	1
8:144629422:A:T	GTEx/v8	Heart_Atrial_Appendage	ENSG00000204839	T	2.373e-09	0.822873	2.27873e-14	NA	NA	8	144629422	MROH6	1
8:144676151:C:G	GTEx/v8	Heart_Atrial_Appendage	ENSG00000147813	G	2.34393e-11	-0.953511	3.26193e-35	NA	NA	8	144676151	NAPRT1	1
8:144676151:C:G	GTEx/v8	Heart_Atrial_Appendage	ENSG00000183309	G	6.4994e-05	0.377936	3.26311e-09	NA	NA	8	144676151	ZNF623	1
8:144676151:C:G	GTEx/v8	Heart_Atrial_Appendage	ENSG00000204839	G	3.36803e-08	0.750922	2.27873e-14	NA	NA	8	144676151	MROH6	1
8:144696087:A:G	GTEx/v8	Heart_Atrial_Appendage	ENSG00000147813	A	9.07186e-16	-0.997076	3.26193e-35	NA	NA	8	144696087	NAPRT1	1
8:144696087:A:G	GTEx/v8	Heart_Atrial_Appendage	ENSG00000183309	A	1.36721e-05	0.362663	3.26311e-09	NA	NA	8	144696087	ZNF623	1
8:144696087:A:G	GTEx/v8	Heart_Atrial_Appendage	ENSG00000204839	A	3.65704e-09	0.706256	2.27873e-14	NA	NA	8	144696087	MROH6	1
8:144750973:C:T	GTEx/v8	Heart_Atrial_Appendage	ENSG00000104518	T	2.6383e-05	0.4206	9.51015e-29	NA	NA	8	144750973	GSDMD	1
8:144750973:C:T	GTEx/v8	Heart_Atrial_Appendage	ENSG00000147813	T	4.50908e-10	-0.806754	3.26193e-35	NA	NA	8	144750973	NAPRT1	1
8:144750973:C:T	GTEx/v8	Heart_Atrial_Appendage	ENSG00000183309	T	1.59816e-07	0.443415	3.26311e-09	NA	NA	8	144750973	ZNF623	1
8:144750973:C:T	GTEx/v8	Heart_Atrial_Appendage	ENSG00000204839	T	1.26504e-06	0.598197	2.27873e-14	NA	NA	8	144750973	MROH6	1
8:144753971:C:T	GTEx/v8	Heart_Atrial_Appendage	ENSG00000104518	T	2.6383e-05	0.4206	9.51015e-29	NA	NA	8	144753971	GSDMD	1
8:144753971:C:T	GTEx/v8	Heart_Atrial_Appendage	ENSG00000147813	T	4.50908e-10	-0.806754	3.26193e-35	NA	NA	8	144753971	NAPRT1	1
8:144753971:C:T	GTEx/v8	Heart_Atrial_Appendage	ENSG00000183309	T	1.59816e-07	0.443415	3.26311e-09	NA	NA	8	144753971	ZNF623	1
8:144753971:C:T	GTEx/v8	Heart_Atrial_Appendage	ENSG00000204839	T	1.26504e-06	0.598197	2.27873e-14	NA	NA	8	144753971	MROH6	1
11:65455913:A:G	GTEx/v8	Heart_Atrial_Appendage	ENSG00000172922	A	4.87017e-05	-0.532098	2.62926e-16	NA	NA	11	65455913	RNASEH2C	1
15:41533136:C:T	GTEx/v8	Heart_Atrial_Appendage	ENSG00000137806	T	0.000102889	-0.601158	7.18097e-54	NA	NA	15	41533136	NDUFAF1	1
17:3474927:A:G	GTEx/v8	Heart_Atrial_Appendage	ENSG00000083454	A	1.62715e-05	0.99575	1.23233e-09	NA	NA	17	3474927	P2RX5	1
20:17059761:A:G	GTEx/v8	Heart_Atrial_Appendage	ENSG00000125851	A	5.32829e-05	0.586737	6.43802e-39	NA	NA	20	17059761	PCSK2	1
20:17089433:A:G	GTEx/v8	Heart_Atrial_Appendage	ENSG00000125851	A	5.32829e-05	0.586737	6.43802e-39	NA	NA	20	17089433	PCSK2	1
"
/Users/ranmeng/Desktop/gtex-imaging-paper/gwas-fuma/ImageQTL-FUMA-result/skin-sun-exposed-area,eqtl.txt,"uniqID	db	tissue	gene	testedAllele	p	signed_stats	FDR	RiskIncAllele	alignedDirection
"
/Users/ranmeng/Desktop/gtex-imaging-paper/gwas-fuma/ImageQTL-FUMA-result/thyroid-circularity,eqtl.txt,"uniqID	db	tissue	gene	testedAllele	p	signed_stats	FDR	RiskIncAllele	alignedDirection
"
/Users/ranmeng/Desktop/gtex-imaging-paper/gwas-fuma/ImageQTL-FUMA-result/thyroid-eccentricity,eqtl.txt,"uniqID	db	tissue	gene	testedAllele	p	signed_stats	FDR	RiskIncAllele	alignedDirection	chr	pos	symbol	eqtlMapFilt
5:155250234:C:G	GTEx/v8	Thyroid	ENSG00000170271	G	6.43134e-05	-0.427925	1.84856e-14	NA	NA	5	155250234	FAXDC2	1
"
/Users/ranmeng/Desktop/gtex-imaging-paper/gwas-fuma/ImageQTL-FUMA-result/esophagus-muscularis-eccentricity,eqtl.txt,"uniqID	db	tissue	gene	testedAllele	p	signed_stats	FDR	RiskIncAllele	alignedDirection	chr	pos	symbol	eqtlMapFilt
19:4527780:A:C	GTEx/v8	Esophagus_Muscularis	ENSG00000167658	C	4.22097e-05	0.31301	0.000717291	NA	NA	19	4527780	EEF2	1
19:4527971:A:G	GTEx/v8	Esophagus_Muscularis	ENSG00000167658	G	4.22097e-05	0.31301	0.000717291	NA	NA	19	4527971	EEF2	1
19:4528011:C:T	GTEx/v8	Esophagus_Muscularis	ENSG00000167658	T	4.22097e-05	0.31301	0.000717291	NA	NA	19	4528011	EEF2	1
19:4528028:C:T	GTEx/v8	Esophagus_Muscularis	ENSG00000167658	C	4.22097e-05	0.31301	0.000717291	NA	NA	19	4528028	EEF2	1
19:4528212:T:TGCCCG	GTEx/v8	Esophagus_Muscularis	ENSG00000167658	T	4.22097e-05	0.31301	0.000717291	NA	NA	19	4528212	EEF2	1
19:4528479:A:G	GTEx/v8	Esophagus_Muscularis	ENSG00000167658	G	4.22097e-05	0.31301	0.000717291	NA	NA	19	4528479	EEF2	1
19:4528909:A:G	GTEx/v8	Esophagus_Muscularis	ENSG00000167658	A	3.07288e-05	0.308926	0.000717291	NA	NA	19	4528909	EEF2	1
"
/Users/ranmeng/Desktop/gtex-imaging-paper/gwas-fuma/ImageQTL-FUMA-result/testis-ratio,eqtl.txt,"uniqID	db	tissue	gene	testedAllele	p	signed_stats	FDR	RiskIncAllele	alignedDirection
"
/Users/ranmeng/Desktop/gtex-imaging-paper/gwas-fuma/ImageQTL-FUMA-result/testis-circularity,eqtl.txt,"uniqID	db	tissue	gene	testedAllele	p	signed_stats	FDR	RiskIncAllele	alignedDirection
"
/Users/ranmeng/Desktop/gtex-imaging-paper/gwas-fuma/ImageQTL-FUMA-result/esophagus-mucosa-ratio,eqtl.txt,"uniqID	db	tissue	gene	testedAllele	p	signed_stats	FDR	RiskIncAllele	alignedDirection
"
/Users/ranmeng/Desktop/gtex-imaging-paper/gwas-fuma/ImageQTL-FUMA-result/tibial-artery-eccentricity,eqtl.txt,"uniqID	db	tissue	gene	testedAllele	p	signed_stats	FDR	RiskIncAllele	alignedDirection
"
/Users/ranmeng/Desktop/gtex-imaging-paper/gwas-fuma/ImageQTL-FUMA-result/testis-eccentricity,eqtl.txt,"uniqID	db	tissue	gene	testedAllele	p	signed_stats	FDR	RiskIncAllele	alignedDirection
"
/Users/ranmeng/Desktop/gtex-imaging-paper/gwas-fuma/ImageQTL-FUMA-result/esophagus-muscularis-ratio,eqtl.txt,"uniqID	db	tissue	gene	testedAllele	p	signed_stats	FDR	RiskIncAllele	alignedDirection
"
/Users/ranmeng/Desktop/gtex-imaging-paper/gwas-fuma/ImageQTL-FUMA-result/tibial-artery-ratio,eqtl.txt,"uniqID	db	tissue	gene	testedAllele	p	signed_stats	FDR	RiskIncAllele	alignedDirection
"
/Users/ranmeng/Desktop/gtex-imaging-paper/gwas-fuma/ImageQTL-FUMA-result/tibial-nerve-ratio,eqtl.txt,"uniqID	db	tissue	gene	testedAllele	p	signed_stats	FDR	RiskIncAllele	alignedDirection
"
